User ID,Username,Password,Email,Address Line,City,Postcode,PhoneNo,First Name,Last Name
1,qfindlow0,ZBPuKiBGhYO,jgable0@a8.net,2798 Jay Avenue,Shanshi,EN9 2SF,1383702705,Joseph,Gable
2,mbunworth1,tQS5UQH,kbrushneen1@ibm.com,435 Gulseth Junction,London,KW6 6EF,1837080595,Kristy,Brushneen
3,cgerbel2,TY1rDleA3E3v,lnovic2@clickbank.net,00 Golf View Alley,Masaguisi,PO14 3HA,6176341689,Laird,Novic
4,cgallop3,zIrtKHIFxRg,rgarmey3@harvard.edu,0374 Sullivan Lane,Hobart,TQ4 5LW,8565680556,Ruperta,Garmey
5,fseyers4,2gxxGH2gj4K,acalcutt4@mysql.com,207 Anniversary Terrace,London,NE85 1AA,4315772547,Anthia,Calcutt
6,sleare5,Kgmxv06yOpm,aoakshott5@google.com.au,3 Morningstar Drive,Changxing,EC3R 7NB,5151575018,Alys,Oakshott
7,tgreenway6,hV7X5WMY2Zh,dcavolini6@tumblr.com,8 Debra Circle,London,YO11 2SQ,6134092032,Daniela,Cavolini
8,rheibel7,2ON99aP,kfaulconbridge7@pbs.org,91 Rockefeller Road,Pindi Gheb,LL58 8AZ,7723392056,Katherina,Faulconbridge
9,metienne8,1z9Zdo,mluto8@paginegialle.it,5055 Brickson Park Trail,Cukalat,NG22 9DL,4161104791,Meris,Luto
10,eyellowley9,Pr0T20SVA7T,mminchindon9@youtube.com,298 Arkansas Junction,Valerik,WN6 0RB,4901484091,Marleen,Minchindon
11,bsmythea,9nGONq72t,fshoarda@accuweather.com,83217 Shelley Hill,Valerik,CV22 7LB,4029769864,Freedman,Shoard
12,jjohanssenb,4WwNhRwMn,bschlagtmansb@csmonitor.com,55212 Maywood Hill,Palecenan,DG11 2DQ,2377806968,Bartel,Schlagtmans
13,rparkissonc,HGHYfKCkxZS4,aeilhermannc@msu.edu,7 Monterey Point,Palecenan,GU34 2DA,6915818674,Annmaria,Eilhermann
14,bcockerelld,acIdUOSVQy,jmarcusd@house.gov,11910 Randy Way,Qingjiangqiao,AL4 0EX,2003802649,Jorie,Marcus
15,senderleine,s8L40Z4w,crennenbache@dell.com,85 Alpine Point,Aucayacu,RH16 2RS,4368351345,Cherey,Rennenbach
16,gchengf,sQVHGJ5gIhc,kcurryerf@paginegialle.it,6 Sunbrook Lane,Shatian,CT5 3PD,6428226244,Kellie,Curryer
17,nbalcheng,hVH3B8yGd,gshelleyg@ustream.tv,6595 Old Shore Hill,La Motte-Servolex,WA4 1GJ,6442286953,Giacinta,Shelley
18,reastabrookh,iq3yvpvBeio0,svondracekh@cafepress.com,19040 Hoard Drive,Kotri,SE6 4HE,7959369051,Skipton,Vondracek
19,obessoni,fxKlSKNI62,dseagari@vkontakte.ru,78 International Junction,Kotri,BS24 7HF,8661044062,Delphinia,Seagar
20,padamovj,uEhYbogRS0z,lsigginj@deviantart.com,24 Reinke Place,Phanna Nikhom,ST4 3EN,8465069336,Lauritz,Siggin
